Column_A,Column_B,Column_C
A_data_1,B_data_1,C_data_1
A_data_2,B_data_2,C_data_2
A_data_3,B_data_3,C_data_3
A_data_4,B_data_4,C_data_4
A_data_5,B_data_5,C_data_5
A_data_6,B_data_6,C_data_6
A_data_7,B_data_7,C_data_7
A_data_8,B_data_8,C_data_8
A_data_9,B_data_9,C_data_9
A_data_10,B_data_10,C_data_10
A_data_11,B_data_11,C_data_11
A_data_12,B_data_12,C_data_12
A_data_13,B_data_13,C_data_13
A_data_14,B_data_14,C_data_14
A_data_15,B_data_15,C_data_15
A_data_16,B_data_16,C_data_16
A_data_17,B_data_17,C_data_17
A_data_18,B_data_18,C_data_18
A_data_19,B_data_19,C_data_19
A_data_20,B_data_20,C_data_20
A_data_21,B_data_21,C_data_21
A_data_22,B_data_22,C_data_22
A_data_23,B_data_23,C_data_23
A_data_24,B_data_24,C_data_24
A_data_25,B_data_25,C_data_25
A_data_26,B_data_26,C_data_26
